-- phpMyAdmin SQL Dump
-- version 4.8.0
-- https://www.phpmyadmin.net/
--
-- Servidor: localhost
-- Tiempo de generación: 30-09-2020 a las 08:19:37
-- Versión del servidor: 10.1.31-MariaDB
-- Versión de PHP: 7.2.4

SET SQL_MODE = "NO_AUTO_VALUE_ON_ZERO";
SET AUTOCOMMIT = 0;
START TRANSACTION;
SET time_zone = "+00:00";


/*!40101 SET @OLD_CHARACTER_SET_CLIENT=@@CHARACTER_SET_CLIENT */;
/*!40101 SET @OLD_CHARACTER_SET_RESULTS=@@CHARACTER_SET_RESULTS */;
/*!40101 SET @OLD_COLLATION_CONNECTION=@@COLLATION_CONNECTION */;
/*!40101 SET NAMES utf8mb4 */;

--
-- Base de datos: `speakandspell`
--

-- --------------------------------------------------------

--
-- Estructura de tabla para la tabla `alumnos`
--

CREATE TABLE `alumnos` (
  `id` bigint(20) UNSIGNED NOT NULL,
  `nombre` varchar(191) COLLATE utf8mb4_unicode_ci NOT NULL,
  `ap` text COLLATE utf8mb4_unicode_ci NOT NULL,
  `am` text COLLATE utf8mb4_unicode_ci NOT NULL,
  `nacimiento` text COLLATE utf8mb4_unicode_ci NOT NULL,
  `direccion` text COLLATE utf8mb4_unicode_ci NOT NULL,
  `ciudad` varchar(191) COLLATE utf8mb4_unicode_ci NOT NULL,
  `ocupacion` text COLLATE utf8mb4_unicode_ci NOT NULL,
  `estudios` text COLLATE utf8mb4_unicode_ci NOT NULL,
  `nivel` varchar(191) COLLATE utf8mb4_unicode_ci NOT NULL,
  `casa` text COLLATE utf8mb4_unicode_ci NOT NULL,
  `oficina` text CHARACTER SET ascii NOT NULL,
  `celular` varchar(191) COLLATE utf8mb4_unicode_ci NOT NULL,
  `activo` varchar(191) COLLATE utf8mb4_unicode_ci NOT NULL,
  `ruta_foto` varchar(200) COLLATE utf8mb4_unicode_ci DEFAULT NULL
) ENGINE=InnoDB DEFAULT CHARSET=utf8mb4 COLLATE=utf8mb4_unicode_ci;

--
-- Volcado de datos para la tabla `alumnos`
--

INSERT INTO `alumnos` (`id`, `nombre`, `ap`, `am`, `nacimiento`, `direccion`, `ciudad`, `ocupacion`, `estudios`, `nivel`, `casa`, `oficina`, `celular`, `activo`, `ruta_foto`) VALUES
(61, 'RICARDO', 'HERNANDEZ', 'ESQUIVEL', '01/01/1962', 'CALLE 31 NO.155 X 82 Y 84 COL. CENTRO', 'PROGRESO', 'ARQUITECTO', 'PROFESIONAL', '163', '9352851', '9992421087 propio', '9991292476 Yadira', '0', NULL),
(91, 'ADRIANA GUADALUPE', 'KU', 'BLANCO', '09/09/1995', 'CALLE 37 NO.156-H X 86 Y 88 - COL.CENTRO', 'PROGRESO', 'ESTUDIANTE', '2DO.SEMESTRE PREPARATORIA', '155', '9998 992042 MamaTeresa', '9992 151944 PapaJose', '9999 961850 propio', '0', NULL),
(152, 'MARCOS ABSALON', 'CANCHE', 'ALVAREZ', '28/12/2000', 'CALLE 33 NO.222-B X 38 Y 40 - COL.REVOLUCION', 'PROGRESO', 'ESTUDIANTE', '1RO. SECUNDARIA', '163', '*', '*', '9991 060243 -mamaVirginia', '0', NULL),
(156, 'MARIA DEL CARMEN ', 'CORDOVA', 'CORDOVA', '26/05/1970', 'CALLE 58 NO.555 X 55 Y 55C FRACC. FLAMBOYANES', 'PROGRESO  YUCATaN', 'AMA DE CASA', 'CARRERA TRUNCA', '36', '9991800941', 'llamar a la Naval', '9993112932mamaMargarita', '0', NULL),
(192, 'ANA YURIAN', 'RODRIGUEZ', 'HIPOLITO', '10/02/1991', 'CALLE 28 NO.171-D X 31 Y 33 COL.BENITO JUAREZ', 'PROHRESO', 'ESTUDIANTE', '1RO. PREPARATORIA', '163', '9340381', '9992974771-NovioHernan', '9993221224-propio', '0', NULL),
(194, 'CLAUDIA LEONOR', 'MARTIN', 'EUAN', '26/02/1984', 'CALLE 55E X 60A Y 60B - COL.FLAMBOYANES', 'PROGRESO', 'MASAJISTA', 'SECUNDARIA', '163', '*', '9992159281-esposoBenito', '9991261107-propio', '0', NULL),
(235, 'SUSANA LETICIA', 'DELGADO', 'HERNANDEZ', '24/06/1957', 'DOMICILIO CONOCIDO', 'PROGRESO  YUCATAN', 'TRABAJADORA', 'LICENCIATURA LAE', '163', 'PROPIO9993227184', 'TRABAJO9999191203', 'ADRIANA9992300428', '0', NULL),
(236, 'JOSE GEOVANNY', 'PEREZ', 'FIGUEROA', '21/08/1991', 'CALLE 14 NO.63 X 23 Y 25', 'CHIBXULUB  PUERTO', 'ESTUDIANTE', 'CARRERA', '163', '969 1031388', '9991609147 PAPARICARDO', '9992 082796 PROPIO', '0', '236_JOSE GEOVANNY_PEREZ'),
(260, 'KAREN GEORGINA', 'LEON', 'MADERA', '21/09/1996', 'CALLE 82 NO.180 X 39 Y 41 - COL.CENTRO', 'PROGRESO', 'ESTUDIANTE', 'CARRERA', '88', '*', '9999964209 mamaAlma', '9993097595 propio', '0', NULL),
(265, 'MARIA FERNANDA', 'CHAN', 'CAMARA', '24/03/2007', 'CALLE 104 NO.171 X 35 Y 37 COL.CANUL REYES', 'PROGRESO', 'ESTUDIANTE', '3RO. PRIMARIA', '161', '9350723', '9992 190367 mama Laura', '9991 070958 Damaris', '0', NULL),
(269, 'SANDRA JHOANA', 'RICALDE ', 'Ku', '14/08/1997', 'CALLE 22 S/N ENTRE 29 Y 31 COL.ESPERANZA ', 'CHICXULUB PUERTO', 'ESTUDIANDO', 'TERMINADA PREPARATORIA', '163', '9993540712propio', '9992352453Addy', '9991631420tiaEnriqueta', '0', NULL),
(270, 'ANDREA VANESSA', 'RICALDE', 'Ku', '14/08/1997', 'CALLE 22 S/N ENTRE 29 Y 31 COL. ESPERANZA', 'CHICXULUB PUERTO', 'ESTUDIANTE ', 'PREPARATORIA TERMINADA', '163', '9991035164propio', '9992352453Addy', '9991631420TiaEnriqueta', '0', NULL),
(272, 'SAuL ALBERTO', 'MAGA?A', 'LIRA', '30/08/1995', 'CALLE 23 ENTRE 22 Y 24 S/N CHELEM', 'CHELEM PROGRESO  YUCATaN', 'ESTUDIANTE', '2DO A?O DE PREPARATORIA', '163', '9997437458propio', '9991567246MamaPaula', '9991871762PapaZully', '0', NULL),
(284, 'ANA GABRIELA ', 'MARTINEZ ', 'WADE', '08/05/2006', 'CALLE 70 NO.154B X 33 Y 35 COL.CENTRO', 'PROGRESO  YUCATaN', 'ESTUDIANTE', '4TO DE PRIMARIA', '162', '9344704', '9991005229LourdesMama', '9991058505hnaCitlati', '0', NULL),
(285, 'RAuL FERNANDO', 'OSORNO', 'GAMI?O', '04/11/2004', 'CALLE 66 NO.535 X 37 Y 39 COL FCO.I.MADERO', 'PROGRESO  YUCATaN', 'ESTUDIANTE', '6TO PRIMARIA', '161', '9357305', '9991561801Raulpapa', '9999107855mamaNilvia', '0', NULL),
(287, 'RICARDO ULISES', 'NOVELO', 'MANRIQUE', '08/05/2003', 'CALLE 9 X 14 S/N CHUBURNA', 'CHUBURNA YUCATaN', 'ESTUDIANTE', 'PRIMERO PREPARATORIA', '157', '9991546929papaQuetzal', '9994088197mamaShirle', '*', '0', NULL),
(304, 'JOSE MARIO ', 'SOSA', 'COUOH ', '13/05/2005', 'CALLE 31 NO.57-B X 52 Y 54 COL.ISMAEL GARCIA', 'PROGRESO', 'ESTUDIANTE', '6TO. PRIMARIA', '161', '*', '9999090837 mamaMaria', '9991 178614 papaJose', '0', NULL),
(310, 'GRACIELA ALESSANDRA', 'OSORNO', 'MORENO', '20/07/2006', 'CALLE 29 NO.207-A X 90 Y 92 - COL.CENTRO', 'PROGRESO', 'ESTUDIANTE', '4TO. PRIMARIA', '150', '9357295 casa', '9992 591522 mamaGraciela', '9992 315809 papaJorge', '0', NULL),
(315, 'KAREN DANIELA', 'CASTRO', 'HERNaNDEZ', '08/04/1999', 'CALLE 79A NO.681LL FRACC.COSTA AZUL ENTRE 146 Y 14', 'PROGRESO YUCATaN', 'ESTUDIANTE', '1ERO PREPARATORIA', '163', '9991522146AlejandraMama', '9992150014LuisPapa', '9993346856propio', '0', NULL),
(320, 'DAVID ESTEBAN', 'DIAZ', 'RAMIREZ', '10/12/1996', 'CALLE 4 X 19 Y 21 NO.138 - CHICXULUB', 'PROGRESO', 'ESTUDIANTE', 'PREPARATORIA', '163', '9992 058404 papaEsteban', '9993 977162 mamaCielo', '9992 597700 propio', '0', NULL),
(336, 'JOSE GEOVANNI ', 'MENDOZA', 'GARCiA', '20/12/1983', 'CALLE 27 NO.210-H X 92 Y 94 COL. JUAN MONTALVO', 'PROGRESO  YUCATaN', 'INGENIERO CIVIL', 'PROFESIONISTA', '103', '5545301643propioMexico', '9691035749trabajo', '*', '0', NULL),
(344, 'ANGELES JOCELYN', 'TILLIT', 'INTERIAN', '19/10/2006', 'CALLE 98 NO.144 X 27 Y 29 COL. CANUL REYES', 'PROGRESO', 'ESTUDIANTE', '4TO. PRIMARIA', '162', '*', '9991 636263 - Papa Jose', '9993 516490 - mama Socorro', '0', NULL),
(345, 'DORIAN NATHANAEL ', 'TILLIT ', 'INTERIAN', '02/11/2004', 'CALLE 98 NO.144 X 27 Y 29 COL. CANUL REYES', 'PROGRESO', 'ESTUDIANTE', '6TO. PRIMARIA', '162', '*', '9991 636263 Papa Jose', '9993 516490 mama Socorro', '0', NULL),
(346, 'MARIA GUADALUPE', 'OSORNO', 'INTERIAN', '07/09/2006', 'CALLE 98 NO.144 X 27 Y 29 COL. CANUL REYES', 'PROGRESO', 'ESTUDIANTE', '4TO. PRIMARIA', '162', '*', '9991 636263 papa Jose', '9993 516490 - mama Socorro', '0', NULL),
(360, 'RONALD ANTONIO', 'CELIS', 'RAMOS', '08/09/2005', 'CALLE 31 NO.62 X 56 Y 58 COL.FCO.I. MADERO', 'PROGRESO', 'ESTUDIANTE', '6TO. PRIMARIA', '161', '*', '9999 098753 mamaAna', '9991305914 papaHerber', '0', NULL),
(369, 'QUIANA SHIREL', 'FUENTE', 'TEC', '04/01/2006', 'CALLE 72 NO.496-A X 35 Y 37 - COL. FCO. I. MADERO', 'PROGRESO', 'ESTUDIANTE', '5TO. SEMESTRE', '162', '*', '9991 726247 papaLuis', '9991 776481 mamaGuadalupe', '0', NULL),
(375, 'LUIS ANGEL', 'URIBE', 'CAAMAL', '15/04/2003', 'CALLE 35 NO.297 X 106 Y 108 COL. CANUL REYES', 'PROGRESO', 'ESTUDIANTE', '2DO. SECUNDARIA', '163', '*', '9993 559847 mamaSuemy', '9991 092076 papaArmando', '0', NULL),
(376, 'ANELISSE ', 'CAMEJO', 'GODOY', '15/07/2005', 'CALLE 70 NO.145 X 27 Y 29 COL.CENTRO', 'PROGRESO', 'ESTUDIANTE', '6TO. PRIMARIA', '161', '9353612', '9999 073610 papaJesus', '9991 442002 mamaAngelica', '0', NULL),
(389, 'AARON NICOLAS', 'MONRROY', 'CERVANTES', '30/07/2006', 'CALLE 99 NO.343 X 72 Y 74 - COL.FRACC. CIENEGA 200', 'PROGRESO', 'ESTUDIANTE', '5TO. PRIMARIA', '161', '*', '9991 726687 mamaFlor', '9994 413022 papaFrancisco', '0', NULL),
(393, 'LEVI ISAIAS', 'QUINTAL', 'GARRIDO', '22/02/2006', '*', 'PROGRESO', 'ESTUDIANTE', '5TO. PRIMARIA', '161', '9999 974562 mamaNayeli', '*', '9999 984664 propio', '0', NULL),
(395, 'YESSICA', 'MARTINEZ', 'CUPUL', '13/06/2005', 'CALLE 31-A X 136 Y 138 COL.NVA. YUCALPETEN', 'PROGRESO  YUCATaN', 'ESTUDIANTE', '2DO.DE SECUNDARIA', '149', '9992 758290 MmaKarla', '9994 146120 papaEduardo', '9991 529320 abuela', '0', NULL),
(406, 'EDUARDO JAIR ', 'CANUL', 'RODRIGUEZ', '03/08/2002', 'CALLE 10 NO.S/N ENTRE 21 Y 23 COL.GPE. VICTORIA', 'PUERTO CHELEM', 'ESTUDIANTE', '2DO A?O PREPARATORIA', '162', '9991366408propio', '9993546016MireyaMama', '9991308168perfectoAbuelo', '0', NULL),
(408, 'GERARDO DE JESUS', 'HERNANDEZ', 'HERNANDEZ', '06/01/2004', 'CALLE 37 NO.284 X 44 Y 46 COL.REVOLUCI?N', 'PROGRESO', 'ESTUDIANTE', 'PRIMERO SECUNDARIA', '161', '*', '9992 192879 mamaIrene', '*', '0', NULL),
(411, 'TERESA ANTONIA', 'REYES ', 'BARREDO', '07/02/1991', 'CALLE 58 NO.487 X 37 Y 39 COL. FCO. I. MADERO', 'PROGRESO', 'EMPLEADA', 'SECUNDARIA TERMINADA', '157', '9999 024218 Hna-Fatima', '9991 452426 mamaAddy', '9993 812701 propio', '0', NULL),
(433, 'CARLOS ALEXANDER', 'MANZANERO', 'PEREZ', '02/01/2009', 'CALLE 17B NO.338 X 58 Y 60 COL.DOCTORES', 'CHICXULUB', 'ESTUDIANTE', '3RO. PRIMARIA', '161', '934 02 45', '9991 718659 Alba', '9992 562017 Jorge', '0', NULL),
(444, 'ABEL ENRIQUE', 'CETINA', 'CHAVEZ', '20/03/2005', 'CALLE 97 NO.262 X 66 Y 68 FRACC. BRISAS DEL SOL', 'PROGRESO', 'ESTUDIANTE', '1RO. SECUNDARIA', '162', '9993 384554 tiaMERCY', '9999 014135 mamaKarina', '9993 354825 papaEnrique', '0', NULL),
(448, 'JUAN DIEGO', 'DZUL', 'FIGUEROA', '09/12/1998', 'CALLE 27 NO.63 ENTRE 20 Y 22 COL.CENTRO', 'CHICXULUB PUERTO', 'ESTUDIANTE', 'TERMINO PREPARATORIA', '158', '9993240917propio', '9340412 PastoraAbuelita', '1039345 casa', '0', NULL),
(452, 'ELIAS ', 'SERRIKHI', 'ZACARIAS', '04/11/2004', 'CALLE 27 NO.118 X 74 Y 76 COL.CENTRO', 'PROGRESO', 'ESTUDIANTE', '1RO. SECUNDARIA', '162', '9699344615', '9991 603807 mamaNilvia', '9991 285431 - propio', '0', NULL),
(454, 'LETICIA NOEMI', 'TORRES ', 'BORGES', '26/14/2002', 'CALLE 94 NO.144B ENTRE 27 Y 29 COL.JUAN MONTALVO', 'PROGRESO  YUCATaN', 'ESTUDIANTE ', '1ERO PREPARATORIA', '161', '9992761627propio', '9995058645VivianaMama', '9992241011tiaIsabel', '0', NULL),
(458, 'ISABELLA', 'MEIJUEIRO', 'SAURI', '13/07/2007', 'CALLE 97 NO 305 X 68 Y 72 FRACC. BRISAS DEL SOL', 'PROGRESO  YUCATaN', 'ESTUDIANTE', '5TO DE PRIMARIA', '161', '9344140', '9992369858FernandoPapa', '9994979029MamaIsis', '0', NULL),
(465, 'JOSE RAMON', 'GOMEZ ', 'COCOM', '10/04/2008', 'CALLE 78A NO.179 X 37 Y 39 CENTRO', 'PROGRESO  YUCATaN', 'ESTUDIANTE', '4TO A?O PRIMARIA', '161', '1034588', '9993381443emilioReyes', '9999015622Fernanda', '0', NULL),
(470, 'AZURY DAYLIN', 'TENORIO', 'GARCiA', '03/01/2006', 'CALLE 33 NO.716 X 130 Y 132 NVA. YUCALPETEN', 'PROGRESO  YUCATaN', 'ESTUDIANTE', '6TO. PRIMARIA', '161', '9999093538MamaJeysa', '9992598899PapaVictor', '9991076813AbueGladys', '0', NULL),
(482, 'DANIELA NOEMI', 'HERRERA', 'SOLiS', '31/05/2002', 'CALLE 83A NO.153 INTERIOR X 98 ENTRE 35 Y 33 COL.C', 'PROGRESO  YUCATaN', 'ESTUDIANTE', '1ER SEMESTRE PREPARATORIA', '163', '9691030644casa', '9995011123mamaSalome', '*', '0', NULL),
(487, 'GEISLER DANIEL', 'MALDONADO', 'BALAN', '07/07/2003', 'CALLE 62 NO.202 X 33 Y 35 COL. FCO. I. MADERO ', 'PROGRESO', 'ESTUDIANTE', '3RO. SECUNDARIA', '155', '9992 618665 papaPiero', '9993 299180 mamaLaura', '9994 362400 tiaClara', '0', NULL),
(492, 'JORGE ALBERTO ', 'TORRES', 'MAY', '29/03/1978', 'CALLE 74 NO.144 X 27 Y 29 COL-CENTRO', 'PROGRESO', 'EMPRESARIO', 'BACHILLERATO', '156', '*', '9991 495051 noviaLIA', '9992 427463 propio', '0', NULL),
(493, 'JORGE ALBERTO', 'TORRES', 'MAY', '29/03/1978', 'CALLE 74 NO.144 X 27 Y 29 COL.CENTRO', 'PROGRESO', 'EMPRESARIO', 'BACHILLER', '162', '*', '9991 495051 noviaLIA', '9992 427463 propio', '0', NULL),
(496, 'DENISE ELIANNET', 'NAJERA', 'DE LA ROSA', '26/07/1983', 'CALLE 50 NO.334 X 33 Y 35 COL.FRANCISCO NI. MADERO', 'PROGRESO  YUC.', 'EMPLEADA', 'LICENCIATURA', '155', '9994 090030 - amigaRomana', '9992 960837 papaRodolfo', '9871 009631 propio', '0', NULL),
(497, 'IRVING HERNAN', 'FALCON', 'SEGOVIA', '09/06/1989', 'CALLE 33 NO.394 X 28 COL.BENITO JUAREZ', 'PROGRESO', 'TATOO', 'PREPARATORIA', '161', '9994 127086 mamaLizbeth', '9991 180779 amigoLuis', '9991 096307 propio', '0', NULL),
(500, 'LANDY ANGELICA', 'PALMA', 'CONTRERAS', '26/04/1961', 'CALLE 68 NO.149-B X 31 Y 33 COL.ISMAEL GARCIA', 'PROGRESO', 'JUBILADA', 'MAESTRA', '161', '9999 100865 esposoVictor', '9991 271164 hijaBerenice', '9992 454777 propio', '0', NULL),
(514, 'ALONDRA GUADALUPE', 'CIME', 'URIBE', '19/09/2002', 'CALLE 50-A NO.159 X 39 Y 41 COL.FRANCISCO I. MADER', 'PROGRESO', 'ESTUDIANTE', 'PRIMER SEMESTRE', '156', '9991 771418 papaPablo', '9995 033799 mamaOctaviana', '9995 502035 propio', '0', NULL),
(517, 'BRITANY ESTEFANIA ABIGAIL ', 'TZAB', 'PANTOJA', '15/04/2001', 'CALLE 31 NO.221 X 24 Y 26 COL.BENITO JUAREZ', 'PROGRESO', 'ESTUDIANTE', '4TO.SEMESTRE', '157', '9991 789563 papaMiguel', '9991 990963 mamaLourdes', '9991 028979 propio', '0', NULL),
(520, 'CARLOS NEFTALI', 'PALOMO', 'KUK', '15/01/1999', 'CALLE 33 NO.8 X 52 Y 54 COL.FRANCISCO I. MADERO', 'PROGRESO', 'EMPLEADO', 'PREPARATORIA', '155', '9871183504 padreCarlos', '9991777473 Hna.Mili', '9994589451 propio', '0', NULL),
(522, 'JOSE ALBERTO', 'FIGUEROA', 'CANUL', '22/08/2000', 'CALLE 33 NO.776 X 136 Y 138 COL.NVA.YUCALPETEN', 'PROGRESO', 'ESTUDIANTE', 'SECUNDARIA', '161', '9994 116007 mamaAna', '9994177952 papaJose', '9992272106 propio', '0', NULL),
(531, 'JOSE GAEL', 'CANCHE', 'BAREA', '23/06/2007', 'CALLE 29 NO.2M X 40 Y 42 COL. ISMAEL GARCIA', 'PROGRESO', 'ESTUDIANTE', '6TO. PRIMARIA', '164', '9992 317789 papaJose', '9992279963 mamaFatima', '*', '0', NULL),
(532, 'RUBY ARELLY', 'DOMINGUEZ', 'MEDINA', '30/03/1984', 'CALLE 74 NO.150-E X 31 Y 33 COL.CENTRO', 'PROGRESO', 'EMPLEADA', 'CARRERA', '163', '*', '9699344585 mamaBertha', '9999 063781 propio', '0', NULL),
(533, 'VICTOR MANUEL', 'PECH', 'CANCHE', '26/12/2002', 'CALLE 70 NO.496 ENTRE 37 Y  35 COL. FCO.I:MADERO', 'PROGRESO  YUCATaN', 'ESTUDIANTE', '3ER A?O DE SECUNDARIA', '161', '9991631459ManuelPapal', '9992505494ElsaMama', '9999189095JanetTia', '0', NULL),
(534, 'ANTONHY MANUEL LAZARO', 'SOLIS', 'PANTOJA', '13/09/2003', 'CALLE 54 NO.508 ENTRE 37 Y 39 COL. FCO.I.MADERO', 'PROGRESO  YUCATaN', 'ESTUDIANTE', '1ER A?O DE PREPARATORIA', '152', '9991404336propio', '9991990963LourdesMama', '9991028979BritanyHna.', '0', NULL),
(535, 'JESUS ALEJANDRO', 'SOSA', 'CAUICH', '30/05/1994', 'CALLE 37 NO.450 X 56 Y 58 COL. FRANCISCO I. MADERO', 'PROGRESO', 'ESTUDIANTE', 'PRIMER SEMESTRE PREPARATORIA', '163', '9992 644904 mamaLigia', '9993 469272 noviaAlejandrina', '9993 616232 propio', '0', NULL),
(536, 'JOSE LUIS', 'CHABLE', 'MAY', '22/09/2006', 'CALLE 112-A X 29 Y 31 COL. CANUL REYES', 'PROGRESO', 'ESTUDIANTE', '1RO. SECUNDARIA', '161', '9991 326634 mama Sara', '9991 389597 tio Carlos', '9993 094609 tia Francis', '0', NULL),
(538, 'ANGEL DAVID', 'Ku ', 'BLANCO', '15/10/2004', 'CALLE 37 NO.156 H ENTRE 86 Y 88 COL.CENTRO', 'PROGRESO  YUCATaN', 'ESTUDIANTE ', '3ER A?O DE SECUNDARIA', '155', '9998992042TeresaMama', '9992151944JosePapa', '9991990361propio', '0', NULL),
(544, 'ROGER KRISTOPER', 'PUGA', 'CASTRO', '03/10/2007', 'CALLLE 97 NO.335 POR 72 Y 74 COL. BRISAS DEL SUR', 'PROGRESO  YUCATaN', 'ESTUDIANTE', 'SEXTO DE PRIMARIA', '161', '9994866318DioneMama', '9993398827DulceTia', '9999698396RogerPapa', '0', NULL),
(545, 'ALINE MICHELLE', 'UICAB', 'MARTIN', '04/06/1999', 'CALLE 39 NO.108 X 54 Y 56 COL. FCO. I. MADERO', 'PROGRESO', 'ESTUDIANTE', 'UNIVERSIDAD', '156', '9992 051031 mamaDora', '9992 703721 cu?adaYahaira', '9992 747624 propio', '0', NULL),
(546, 'ROBERTO GABRIEL', 'NU?EZ ', 'GONZALEZ', '26/11/2002', 'CALLE 31A ENTRE 126 Y 128 NO.684  COL.NVA.YUCALPET', 'PROGRESO  YUCATaN', 'ESTUDIANTE', '2DO. PREPARATORIA', '161', '9994585926propio', '9993287940JuliaMama', '9992550044SantiagoPapa', '0', NULL),
(547, 'RAFAEL JESuS', 'MANZANO ', 'PEREZ', '11/02/1994', 'CALLE 33 NO 726A ENTRE 132 Y 134 COL. NVA. YUCALPE', 'PROGRESO  YUCATaN', 'INGENIERO INDUSTRIAL', 'UNIVERSIDAD', '157', '9994190158propio', '9994200529CeliaMama', '9991924973LibniNovia', '0', NULL),
(548, 'JONATHAN RICARDO', 'REJON', 'AGUILAR', '16/01/2006', 'CALLE 84 NO.146 X 29 Y 31 CENTRO', 'PROGRESO  YUCATaN', 'ESTUDIANTE', '1ERO DE SECUNDARIA', '161', '9999091763YuritziMama', '9991202683RicardoPapa', '9350423RositaTia', '0', NULL),
(550, 'PEDRO MIGUEL', 'RUIZ', 'VERDE', '12/03/2007', 'CALLE 27-A X 30 Y 32 FRACC. BRISAS PROGRESO', 'PROGRESO', 'ESTUDIANTE', '6TO. PRIMARIA', '161', '9992658858 mama Veronica', '9992475622 Hna.Veronica', '8333496854 papaPedro', '0', NULL),
(551, 'DERY ALEJANDRINA', 'TEC', 'FERNaNDEZ', '25/05/2008', 'CALLE 35 X 56 Y 54 NO.423 COL.FCO.I.MADERO', 'PROGRESO  YUCATaN', 'ESTUDIANTE', '5TO A?O DE PRIMARIA.', '164', '9994356493KarlaMama', '9992499237VictorPapa', '9992613622LandyTia', '0', NULL),
(552, 'CINDY YOSELIN ', 'OLAYO', 'CERVANTES', '31/07/2007', 'CALLE 27B NO 219B ENTRE 44 Y 46 COL.BENITO JUaREZ', 'PROGRESO  YUCATaN', 'ESTUDIANTE', '6TO DE PRIMARIA', '161', '9992382347MaricruzMama', '9994489225DavidPapa', '9691039791casa', '0', NULL),
(554, 'PAMELA', 'CONCHA', 'HERRERA', '08/09/2000', 'CALLE 39 NO.580 X 70 Y 72 COL. FRANCISCO I.MADERO', 'PROGRESO', 'ESTUDIANTE', 'QUINTO SEMESTRE', '161', '9999 183451 mamaYazmin', '*', '*', '0', NULL),
(555, 'MARIA DEL CIELO', 'BE', 'UICAB', '03/12/1999', 'CALLE 33 NO.42 X 60 Y 62 COL.FCO.NI. MADERO', 'PROGRESO', 'ESTUDIANTE', 'PREPARATORIA', '161', '9991 454149 papaCarlos', '9993 789026 mamaGlendy', '9994 707070 propio', '0', NULL),
(557, 'MARALIN DELA CRUZ', 'CANCHE', 'BAREA', '12/02/2003', 'CALLE 29 NO.2M X 40 Y 42 COL.ISMAEL GARCiA', 'PROGRESO  YUCATaN', 'ESTUDIANTE', 'PRIMERO DE PREPARATORIA', '160', '9992317789JosEpapa', '9992279963FatimaMama', '9995481871Propio', '0', NULL),
(558, 'JENNIFER DEL CARMEN', 'QUEZADA ', 'XOOL', '21/08/2002', 'CALLE 31 NO.29A ENTRE 52 Y 54 COL.ISMAEL GARCiA', 'PROGRESO  YUCATaN ', 'ESTUDIANTE', '2DO. DE PREPARATORIA', '161', '1030878', '9991652225Jimenahna.', '9995514774propio', '0', NULL),
(559, 'JIMENA NAYLEA', 'QUEZADA', 'XOOL', '11/04/2005', 'CALLE 31 NO.29-A X 52 Y 54 COL. ISMAEL GARCIA', 'PROGRESO', 'ESTUDIANTE', 'SEGUNDO SECUNDARIA', '161', '1030878 casa', '*', '9991652225 propio', '0', NULL),
(560, 'WENDY JUANITA', 'CARVAJAL', 'TZUC', '30/12/1991', 'CALLE 35 NO.323-A X 112 Y 114 COL. VICENTE GUERRER', 'PROGRESO', 'AMA DE CASA', 'SECUNDARIA', '160', '9993 813125 Hna.Midrian', '9991546799 esposoJoel', '9993 349481 propio', '0', NULL),
(562, 'RENATA JACQUELIN', 'CELIS', 'PACHECO', '3//6//2004', 'CALLE 39 NO.626 X 110 Y 112 COL. CANUL REYES', 'PROGRESO', 'ESTUDIANTE', 'TERCERO SECUNDARIA', '161', '9971010886 papaMario', '9994105881 mamaKARLA', '9971204422 propio', '0', NULL),
(563, 'JORGE FERNANDO', 'NOVALES', 'VERDE', '31/08/2007', 'CALLE 31 X 68 Y 70 COL. CENTRO ', 'PROGRESO', 'ESTUDIANTE', '6TO. PRIMARIA', '161', '9999 600878 papaRene', '9992 249301 mamaEmmy', '*', '0', NULL),
(564, 'CLAUDIA MARGARITA', 'ZAPATA ', 'BAAS', '22/02/1964', 'CALLE 4 X 5 S/N CHUBURNA PUERTO', 'PROGRESO  YUCATaN', 'JUBILADA', 'AUXILIAR DE ENFERMERA', '162', '9992008223propio', '9992216830GabrielEsposo', '9993474011LauraHija', '0', NULL),
(566, 'KARLA ALCATRAZ', 'SOSA', 'GALLEGOS', '04/10/1999', 'CALLE 96 NO.154A ENTRE 33 Y 35 COL.CANUL REYES', 'PROGRESO  YUCATaN', 'ESTUDIANTE PARA CARRERA', 'PREPARATORIA TERMINADA', '161', '9994538134LidiaMama', '9994380882CarlosPapa', '9994528350propio', '0', NULL),
(567, 'PILAR DEL CARMEN', 'SOLiS', 'MANRIQUE', '03/11/1999', 'CALLE 59A X 60B Y 60D NO.600B FRACC. FLAMBOYANES', 'PROGRESO  YUCATaN', 'ESTUDIANTE', 'PREPARATORIA TERMINADA', '162', '9995055367propio', '9992573249SofiaMama', '9993391289SulemiTia', '0', NULL),
(568, 'IRVIN EDUARDO', 'FALCON', 'FIGUEROA', '08/04/2008', 'CALLE 33 X 28 NO.394 COL.BENITO JUaREZ', 'PROGRESO  YUCATaN', 'ESTUDIANTE', '5TO A?O PRIMARIA', '161', '9994127086LizbethAbue', '9994401715SugeilyMama', '9991096307IrvingPapa', '0', NULL),
(570, 'aNGEL ARMANDO', 'ANCONA', 'MEDINA', '18/09/2005', 'CALLE 110 NO.166A ENTRE 35 Y 37 COL.CANUL REYES', 'PROGRESO  YUCATaN', 'ESTUDIANTE', '2DO. SECUNDARIA', '162', '9344207TeresaAbue', '9991656816LigiaMama', '9992368023PedroPapa', '0', NULL),
(571, 'MIA ', 'PACHECO', 'LOPEZ', '01/02/2006', 'UNIDAD HABITACIONAL 23 DE NOVIEMBRE DEPTO- G1', 'PROGRESO', 'ESTUDIANTE', '1RO. SECUNDARIA ', '162', '9995 286121 hna.Mildred', '9992065595 papaRicardo', '9992 787222 -mamaLaura', '0', NULL),
(572, 'ANDREA DEL ROCIO', 'HUERTA', 'CHACON', '26/08/2000', 'CALLE 26 NO.16-B X 46 Y 48 COL.ISMAEL GARCIA', 'PROGRESO', 'ESTUDIANTE', 'BACHILLER', '161', '*', '9994865899 Nathan Papa', '9994866144 - Cori ', '0', NULL),
(573, 'JESSICA MARGARITA', 'MOCTEZUMA', 'COUOH', '26/07/1996', 'CALLE 39 NO.430 ENTRE 98 Y 100 COL.CANUL REYES ', 'PROGRESO  YUCATaN', 'ESTUDIANTE ', 'CENEVAL (3 MESES) PREPARATORIA', '161', '9992052120propio', '9994930919MargaritaMama', '9691030088 casa/Izzi', '0', NULL),
(575, 'JORGE RASHID', 'PEDRO', 'MARTINEZ', '09/09/1994', 'CALLE 31 NO.2-L X 46 Y 48 COL. ISMAEL GARCIA', 'PROGRESO', 'ESTUDIANTE', 'LICENCIADO EN EDUCACION', '156', '9699344186', '9993 312945 mama Victoria', '9992200213 propio', '0', NULL),
(577, 'CARLOS LEODEGARIO', 'SANCHEZ', 'MORALES', '12/05/2004', 'CALLE 60 NO.S/N X 39 Y 41 COL.FCO.I.MADERO', 'PROGRESO', 'ESTUDIANTE', '3ERO SECUNDARIA', '153', '103 1202', '9994577145Hna.Cruz', '9341163339propio', '0', NULL),
(578, 'AURORA IVONNE', 'ZAPATA', 'ORTIZ', '27/09/2001', 'CALLE 35 NO.723-A X 132 COL.NVA.YUCALPETEN', 'PROGRESO', 'ESTUDIANTE', 'SEXTO SEMESTRE', '161', '9991 983322 mamaNubia', '9992 708258 papaIvan', '9994 554564 propio', '0', NULL),
(581, 'IVANA MONTSERRAT', 'GAMBOA', 'PUERTO', '18/06/2002', 'CALLE 37 NO.376 ENTRE 114 Y 116 COL.VICENTE GUERRE', 'PROGRESO  YUCATaN', 'ESTUDIANTE ', '2DO.BACHILLERATO', '161', '9991850802MamaSonia', '9992054470propio', '9991178919AbueRosy', '0', NULL),
(582, 'ELIA CARIDAD', 'CHI', 'CANCHE', '15/04/1999', 'CALLE 24 X 29 Y 31 S/N COL.ESPERANZA', 'PROGRESO  YUCATaN', 'EMPLEADA', 'SECUNDARIA', '161', '9992380449PapaLorenzo', '9995090818casacelular', '9994477353propio', '0', NULL),
(583, 'JOSUE ISSAIS', 'DiAZ', 'NI?O', '15/08/2000', 'CALLE 37 NO.326 110 Y 112 COL. CANUL REYES', 'PROGRESO', 'ESTUDIANTE', '6TO. SEMESTRE', '161', '9991 511555 mamaSandra', '9992 249218 Hno.Alan', '9999 926547 propio', '0', NULL),
(584, 'GRACE HASHEM', 'CORONADO', 'GOMEZ', '02/10/2005', 'CALLE 31 NO.247-C X 104 - 104 COL.JUAN MONTALVO', 'PROGRESO', 'ESTUDIANTE', '2DO. SECUNBDARIA', '159', '3312 086151 papaAaron', '7223 311371 abueGuadalupe', '*', '0', NULL),
(586, 'CRISTIAN ADRIAN', 'PAREDES', 'ESQUIVEL', '10/08/1994', 'CALLE 18 NO.89 X 25 Y 27 COL. CENTRO', 'CHICXULUB  PUERTO', 'ESTUDIANTE', 'CARRERA', '163', '9996 459981 Hna.Jessica', '9995 453316 MamaLucia', '9995 048154 propio', '0', NULL),
(587, 'MELISSA DENALY', 'AMAYA', 'SALAS', '31/10/1990', 'CALLE 64 NO.146 X 39 Y 41 COL.ISMAEL GARCiA', 'PROGRESO  YUCATaN', 'EMPLEADA', 'CARRERA TRUNCA', '161', '9993559337propio', '9995514219EsposoSaul', '9993355487KarinaJefaDirecta', '0', NULL),
(588, 'ERICK MARTIN', 'VILLANUEVA', 'DURAN', '28/10/1999', 'CALLE 23 NO.258 X 50 Y 52 CARRET. CHICXULUB', 'CHICXULUB  PUERTO', 'ESTUDIANTE', 'BACHILLERATO', '161', '9992 768615 primaAracelly', '9997 475289 papaGonzalo', '9993 109238 propio', '0', NULL),
(590, 'AVELINA DEL CARMEN', 'MARRUFO', 'REYES', '23/10/1981', 'CALLE 33 NO.169-D X 84 Y 86 COL. CENTRO', 'PROGRESO', 'EMPLEADA', 'PREPARATORIA', '159', '*', '9992 069102 esposoJesus', '9992 628427 propio', '0', NULL),
(591, 'ENRIQUE JAVIER', 'MENDEZ', 'MORALES', '08/08/1954', 'CALLE 81-A NO.680-A X 142-A-144  FRACC.COSTA AZUL', 'PROGRESO', 'JUBILADO', 'CARRERA', '161', '9699355967', '*', '*', '0', NULL),
(593, 'nombre', 'ap', 'am', 'nacimiento', 'direccion', 'ciudad', 'ocupacion', 'estudios', 'nivel', 'casa', 'oficina', 'celular', '0', NULL),
(594, 'ESPERANZA MERCEDES', 'COLLI', 'MANZANO', '24/09/2000', 'CALLE 35 S/N 130 Y 132 COL.NVA. YUCALPETEN', 'PROGRESO', 'ESTUDIANTE', 'SEXTO SEMESTRE', '161', '9992 225814 mamaElia', '9992 031819 NovioJorge', '9991 264853 propio', '0', NULL),
(595, 'JESuS ADRIAN', 'ABSALON', 'AMAYA', '30/05/2000', 'CALLE 39 NO.487 ENTRE 60 Y 60A COL.FCO.I.MADERO', 'PROGRESO  YUCATaN', 'EMPLEADO', 'PREPARATORIA', '161', '*', '9992798014MamaGriselda', '9999949683propio', '0', NULL),
(596, 'ALONDRA NAYELI', 'MENA', 'RODRIGUEZ', '20/12/1994', 'CALLE 56A NO.523 X 39 PRIVADA COL.FCO.I.MADERO', 'PROGRESO  YUCATaN', 'EMPLEADA', 'PREPARATORIA', '159', '9992255233propio', '9992288788PapaJorge', '9691039650casa', '0', NULL),
(598, 'KAREN ANGELICA', 'AZCORRA', 'ORTIZ', '16/08/2002', 'CALLE 98 NO.170-A X 37 Y 39 COL. CANUL REYES', 'PROGRESO', 'ESTUDIANTE', 'PRIMER SEMESTRE', '152', '9997 466647 MamaKarina', '9991 584826 PapaFrancisco', '9995 069897 propio', '0', NULL),
(599, 'SELENE NATALY', 'ARJONA ', 'URIBE', '18/09/2002', 'CALLE 33 NO.434 X 58 Y 60 COL.FCO.I.MADERO', 'PROGRESO  YUCATaN', 'ESTUDIANTE', '2DO.A?O PREPARATORIA', '161', '9691034615AbueMiriam', '9994128109MamaNati', '9999094209propio', '0', NULL),
(600, 'ALEJANDRA', 'MENDEZ', 'MANZANILLA', '01/09/1986', 'CALLE 27 NO.4-U X 30 Y 32 COL.BENITO JUAREZ', 'PROGRESO', 'MAESTRA', 'CARRERA', '161', '9992 159316 EsposoJhonny', '9994 556114 MamaZazil', '9991 446579 propio', '0', NULL),
(601, 'EDUARDO ARTURO', 'CHAY', 'AZUETA', '14/04/1987', 'CALLE 35 NO.73 X 68 Y 70 COL. CENTRO', 'PROGRESO', 'MESERO', '2DO. SECUNDARIA ', '161', '9994 374448 MamaLaura', '9994 412852 EsposaGema', '9995 862634 propio', '0', NULL),
(602, 'ARMINDA GUADALUPE', 'LOPEZ', 'ALVAREZ', '12/06/1986', 'CALLE 25 NO.126 X 66 Y 68 COL. CENTRO', 'PROGRESO', 'AMA DE CASA', 'CARRERA', '161', '9991 592901 EsposoNeto', '9993 224470 Cu?adaAbril', '9992 369835 propio', '0', NULL),
(603, 'STEPHANI GUADALUPE', 'PAREDES ', 'LEON', '11/11/1997', 'CALLE 14 NO.73 X 23 Y 25 CHICXULUB', 'PROGRESO  YUCATaN', 'AMA DE CASA', 'PREPARATORIA', '163', '9871183924Propio', '9994552451EsposoMiguel', '9878715313PapaDavid', '0', NULL),
(604, 'MARiA FERNANDA', 'ALMEIDA', 'URIBE', '19/08/2000', 'CALLE 39A NO.95 ENTRE 54 Y 56 FRACC.LA FUENTE', 'PROGRESO  YUCATaN', 'ESTUDIANTE', '2DO SEMESTRE DE CARRERA', '161', '9691033169casa', '9994182348propio', '9994557364MamaMaria', '0', NULL),
(605, 'MANUELA ', 'PEREZ', 'SALVADOR', '30/07/1999', 'CALLE 97 X 68 Y 72 NO.304 FRACC.BRISAS DEL SOL', 'PROGRESO  YUCATaN', 'AMA DE CASA', 'SECUNDARIA', '161', '9991757830propio', '9997370238MamaEva', '9992768107EsposoDavid', '0', NULL),
(606, 'AVRIL DANAY', 'ALVAREZ', 'CAMPOS', '06/04/1995', 'CALLE 25 N.126 X 66 Y 68 CENTRO', 'PROGRESO  YUCATaN', 'EMPLEADA', 'LICENCIATURA', '154', '9993224470propio', '9993572616MamaOlivia', '9991592901Hno.Ernesto', '0', NULL),
(607, 'CESAR GUILLERMO', 'ITZA', 'CHAN', '20/11/2004', 'CALLE 10 NO.49 X 11 Y 13 CENTRO CHUBURNA PTO.', 'CHUBURNA PROGRESO', 'ESTUDIANTE', '3RO DE SECUNDARIA', '161', '9993301733propio', '9991205067PapaCesar', '9999091863MamaMarileni', '0', NULL),
(608, 'YIRETH ESTEFANIA', 'SANCHEZ', 'LOPEZ', '27/04/2006', 'CALLE 37 X 56 Y 58 NO.441 COL.FCO.I.MADERO', 'PROGRESO  YUCATaN', 'ESTUDIANTE', '1ERO DE SECUNDARIA', '161', '9995525326Propio', '9991417563AbueElodia', '9999586679AbueIsidoro', '0', NULL),
(609, 'JARED ABIMAEL', 'NOVELO ', 'MATu', '07/10/2003', 'CALLE 31A X 134 Y 136 NO.752 COL.NVA.YUCALPETEN', 'PROGRESO  YUCATaN', 'ESTUDIANTE', '1ERO PREPARATORIA', '161', '9994385356propio', '9992288669PapaJosE', '9992385367MamaDalis', '0', NULL),
(610, 'MARIANA GUADALUPE', 'SILVA', 'GAMBOA', '24/10/1999', 'CALLE 78A NO.183 X 37 Y 39 CENTRO', 'PROGRESO  YUCATaN', 'ESTUDIANTE', '3ERO DE PREPARATORIA', '153', '9993244838propio', '9995088578mamaGpe.', '9992256114amigaCitlali', '0', NULL),
(611, 'ARI ARTURO', 'ORTEGA ', 'BAEZA', '18/09/1985', 'CALLE 39 ENTRE 44 Y 46 NO.277 COL.REVOLUCION', 'PROGRESO  YUCATaN', 'EMPLEADO', 'CARRERA TRUNCA', '161', '9993399314propio', '9999084805mamaSilvia', '9992634023primaLourdes', '0', NULL),
(612, 'GABRIELA GUADALUPE', 'CAMACHO', 'CAN', '27/03/1999', 'CALLE 33 X 18 Y 20 NO.277 COL.BENITO JUaREZ', 'PROGRESO  YUCATaN', 'EMPLEADA', 'PREPARATORIA', '159', '9994365926propio', '9996080967hno.Erick', '9992031872mamaNelly', '0', NULL),
(613, 'ESTEBAN ALEXIS', 'MORALES', 'ORTEGA', '23/05/1995', 'CALLE 84 NO.136 X 27 Y 29 COL.CENTRO', 'PROGRESO', 'DENTISTA', 'GRADUADO', '161', '9353812', '9992169572 mamaIsabel', '9991433021 propio', '0', NULL),
(614, 'MIGUEL', 'HERNANDEZ', 'FLORES', '26/06/1976', 'CALLE 21 X 78 DEPARTAMENTO', 'PROGRESO', 'EMPLEADO', 'BACHILLER', '155', '9931106779 EsposaDeysi', '99933837200 Hna.Rosario', '938 1724202 propio', '0', NULL),
(615, 'ELIA GUADALUPE', 'NOOS', 'PARRA', '13/09/1985', 'CALLE 110 X 35 Y 37 NO.174-A COL.CANUL REYES', 'PROGRESO', 'EMPLEADA', 'SECUNDARIA TERMINADA', '160', '9992 656471 Esposo San', '9993 257219 Hermana Maria', '9992 622036 propio', '0', NULL),
(616, 'NURIA MARiA', 'OSORIO', 'SALAZAR', '22/12/1971', 'CALLE 55 NO.581 X 58 Y 60 FLAMBOYANES', 'PROGRESO', 'AMA DE CASA', '5TO. PRIMARIA', '159', '9991 696999 esposoNey', '9993 673481 hijoJulio', '9991 092131 propio', '0', NULL),
(617, 'ANGEL ALEXANDER', 'CORAL', 'MARENTES', '26/08/2000', 'CALLE 62 X 29 Y 31 NO.151B COL.ISMAEL GARCiA', 'PROGRESO  YUCATaN', 'ESTUDIANTE', '1ER A?O UNIVERSIDAD', '159', '9353974', '9999108458TiaFany', '9993676450propio', '0', NULL),
(618, 'ANEIRAM', 'CAMPO', 'LOPE', '23/09/2005', 'CALLE 29 S/N ENTRE 40 Y 42 COL.ISMAEL GARCiA', 'PROGRESO  YUCATaN', 'ESTUDIANTE', '3RO SECUNDARIA', '159', '9344394', '9991488612abueFelipe', '9991277760mamaMariena', '0', NULL),
(619, 'YULIANI GUADALUPE', 'RAMIREZ', 'ESTRELLA', '14/12/1998', 'CALLE 70 NO.150 X 33 Y 35 COL.CENTRO', 'PROGRESO', 'ESTUDIANTE', 'CARRERA', '163', '1031842', '9999093255 mamaGuadalupe', '9211224582 propio', '0', NULL),
(620, 'DANIELA', 'DOMINGUEZ', 'FRANCISCO', '02/10/2006', 'CALLE 35 NO.121-E X 70 Y 72 COL. CENTRO', 'PROGRESO', 'ESTUDIANTE', '2DO. SECUNDARIA', '160', '9993 251792 papaRoberto', '9993 310389 AbuelitoSergio', '9992 352986 mamaStefanny', '0', NULL),
(621, 'STEFANNY ', 'FRANCISCO', 'FERNANDEZ', '01/01/1991', 'CALLE 35 NO.121-E X 70 Y 72 COL. CENTRO', 'PROGRESO', 'ESTUDIANTE', 'CARRERA', '159', '9993 251792 Esposo', '9992 352986 papa', '9992 352986 propio', '0', NULL),
(622, 'CRISTOPHER ANDREI', 'HERNANDEZ', 'CELIS', '14/02/2006', 'CALLE 33 NO.27 X 48 Y 50 COL. REVOLUCION', 'PROGRESO', 'ESTUDIANTE', '2DO. SECUNDARIA', '160', '1035654', '9993 635311 mamaGloria', '9994 166243 papaCristopher', '0', NULL),
(623, 'OLIVER DJORKAEF', 'HERNANDEZ', 'CELIS', '15/01/2004', 'CALLE 33 NO.27 X 48 Y 50 COL. REVOLUCION', 'PROGRESO', 'ESTUDIANTE', '1RE SEMESTRE PREPARATORIA', '160', '1035654', '9994 166243 papaCristopher', '9993 635311 mamaGloria', '0', NULL),
(624, 'MARCO AURELIO', 'MEDINA', 'BACAB', '01/09/2006', 'CALLE 58 NO.103 X 27 Y 29 COL.ISMAEL GARCIA', 'PROGRESO', 'ESTUDIANTE', '2DO. SECUNDARIA', '159', '1039009', '9993 622076 mamaNelly', '9992 701340 papaAurelio', '0', NULL),
(625, 'NICOLAS', 'CRUZ', 'AQUINO', '11/11/2003', 'CALLE 130 NO.164 X 31 Y 31-A COL. NVA. YUCALPETEN', 'PROGRESO', 'ESTUDIANTE', 'SECUNDARIA', '159', '9699 356614', '9993 833412 mamaMaria', '9995 043283 propio ', '0', NULL),
(626, 'JENNIFER ELENY', 'LOPEZ', 'HUCHIM', '28/10/2000', 'CALLE 20 NO.58-A X 23 COL. CENTRO ', 'CHELEM', 'ESTUDIANTE', 'BACHILLER', '159', '9992 478509 mamaSilvia', '9991 404211 papaVictor', '9991 423191 propio', '0', NULL),
(627, 'JOSE MANUEL', 'YAM', 'CONTRERAS', '16/07/2007', 'CALLE 35 NO.139A ENTRE 76 Y 78 COL.CENTRO', 'PROGRESO  YUCATaN', 'ESTUDIANTE', 'VA A ENTRAR A 1ERO DE SECUNDARIA', '164', '9992508810mamaRosalia', '9991397749abue/Isabel', '9993666191abueloManuel', '0', NULL),
(628, 'MIGUEL ANGEL ', 'PECH ', 'ESQUIVEL', '30/12/2006', 'CALLE 79-A NO.680-E X 142 Y 142 FRACCI COSTA AZUL', 'PROGRESO', 'ESTUDIANTE', '1RO. SECUNDARIA', '164', '9995 583292 AbuelPedro', '9993 424923 mamaEsmeralda', '9991 116821 Hno.Jose', '0', NULL),
(629, 'ALONSO DE JESuS', 'GONZALEZ ', 'GOMEZ', '16/05/1989', 'CALLE 44 NO.7A X 29 ESQUINA COL.ISMAEL GARCiA', 'PROGRESO  YUCATaN', 'EMPLEADO', 'PREPARATORIA', '160', '9996180592propio', '9994915633papaCarlos', '9994915649mamaLeticia', '0', NULL),
(630, 'JOSUE ALBERTO', 'CARDOZO', 'CERVERA', '06/08/2001', 'CALLE 37 NO.185L ENTRE 92 Y 94 COL.CANUL  REYES', 'PROGRESO  YUCATaN', 'ESTUDIANTE', 'SEGUNDO A?O PREPARATORIA', '160', '9992220548propio', '9991403273mamajulisa', '9991206976papaJorge', '0', NULL),
(631, 'SOFIA BEATRIZ', 'VERA', 'VIVAS', '02/11/1966', 'CALLE 29 NO.131 ENTRE 74 Y 76 CENTRO', 'PROGRERSO  YUCATaN', 'EMPLEADA', 'PREPARATORIA', '160', '9992800434propio', '9691036028 trabajo', '9994535913hijoRodolfo', '0', NULL),
(632, 'PRUEBA', 'PRUEBA APELLIDO', 'MATERNO', '21/08/1991', 'CALLE 14', 'PROGRESO', 'MAESTRO', 'LICENCIADO', '159', '*', '*', '*', '0', NULL),
(633, 'KATIA KARIME', 'MOO', 'CETZ', '15/04/2001', 'CALLE 35 NO.231-B X 92 Y 94 COL.CANUL REYES', 'PROGRESO', 'ESTUDIANTE', 'BACHILLER', '169', '9991 288653 papa RENE', '9993 098927 amigaALEJANDRA', '9995 080384 propio', '0', NULL),
(634, 'ERIK ABIDAL', 'FU', 'CHA', '21/08/1991', 'CALLE 45 X 78 Y 80', 'MERIDA', 'MESTRO', 'LICENCIATURA', '170', '999128837', '9393938', '3393093\'09', '0', NULL),
(635, 'CARMEN', 'POLANCO', 'AMAYA', '23/45/12', 'ASDASD', 'ASDSAD', 'ASDSAD', 'ASDASD', '172', '999128837', 'S', 'S', '0', NULL),
(636, 'MARGARET', 'JOHANSON', 'SILVER', '12/09/1992', 'ASASA', 'ASAS', 'ASAS', 'ASASA', '171', '999128837', '*', '*', '0', NULL),
(637, 'JOAQUIN', 'PHOENIX', 'PHOENIX', '23/45/1990', 'ZXAS', 'ASA', 'ASAS', 'ASAS', '159', 'ASAS', '', '', '0', NULL),
(638, 'VIOLETA', 'MAGADA', 'ROCHER', '12/09/1992', 'SS', 'SS', 'SS', 'SS', '162', '69877987', '', '', '0', NULL),
(639, 'RICHAR', 'POIER', 'SKS', 'JKH', 'KJH', 'KJHKJ', 'HKJ', 'HKJ', '161', 'JKJHKJB', '', '', '0', NULL),
(640, 'NATAEL', 'GABINO', 'ROSADO', '23/12/1993', 'CALLE 13 POR 34 Y 27', 'MEXICO', 'ESTUDIANTE', 'N/A', '163', '9994 78 95 33', '', '', '0', NULL),
(641, 'FACTURISTA1', 'PEREZ', 'SOSA', '21/08/1991', 'CALLE 45 X 78 Y 80', 'PROGRESO', 'PROFESIONISTA', 'ASAS', '164', '123456789', '', '', '0', NULL),
(642, 'FACTURISTA2', 'COBOS', 'PAREDES', '12/09/1992', 'CALLE 45 X 78 Y 80', 'PROGRESO', 'AS', 'AS', '161', '987654321', '', '', '0', NULL),
(643, 'FACTURISTA3', 'AS', 'FIGUEROA', '23/45/12', 'ASAS', 'ASSA', 'ASAS', 'ASSA', '169', '45E644564', '', '', '0', NULL),
(644, 'FACTURISTA4', 'POLANCO', 'ASS', '12/09/1992', 'ASDASD', 'ASAS', 'ASAS', 'ASSA', '161', '1234567', '', '', '0', NULL),
(645, 'FACTURISTA5', 'POLANCO', 'AMAYA', '23/45/1990', 'ASDSA', 'ASDSAD', 'ASDAS', 'ASDSAD', '169', '654654', '', '', '0', NULL),
(646, 'WILLIAM', 'PENSABE', 'CRIOLLO', '12/03/1987', 'CALLE 36 X 45 Y 78', 'PROGRESO', 'JEFE OPERACIONES', 'PREPA', '169', '9993 45 67 89', '4565 7534 44', '', '0', NULL),
(647, 'SANDY', 'QUINTANA', 'VILLANUEVA', '12/09/1890', 'CALLE 45 X 12 Y 14', 'PROGRESO', 'RECURSOS HUMANOS', 'LICENCIATURA', '171', '12324', '2323234', '', '0', NULL),
(648, 'ABIEL', 'SABADU', 'ER', '12/09/1992', 'CALLE 45 X 78 Y 80', 'PROGRESO', 'ESTUDIANTE', 'PREPA', '168', '12345', '12345', '12345', '0', NULL),
(649, 'GERGE', 'BUSH', 'NAT', '13/08/1878', 'DIRECCIO 1', 'NEW YORK', 'PRESIDENTE', 'LICENCIATURA', '171', '123456', '123456', '', '0', NULL),
(650, 'AMLO', 'ZAZ', 'CUACH', '21/08/1991', 'CALLE 13 V 45 Y 56', 'MERIDA', 'ESTUDIANTE', 'LICENCIATURA', '159', '9992 03 04 50', '', '', '1', NULL);

-- --------------------------------------------------------

--
-- Estructura de tabla para la tabla `migrations`
--

CREATE TABLE `migrations` (
  `id` int(10) UNSIGNED NOT NULL,
  `migration` varchar(191) COLLATE utf8mb4_unicode_ci NOT NULL,
  `batch` int(11) NOT NULL
) ENGINE=InnoDB DEFAULT CHARSET=utf8mb4 COLLATE=utf8mb4_unicode_ci;

--
-- Volcado de datos para la tabla `migrations`
--

INSERT INTO `migrations` (`id`, `migration`, `batch`) VALUES
(4, '2014_10_12_000000_create_users_table', 1),
(5, '2014_10_12_100000_create_password_resets_table', 1),
(6, '2019_08_19_000000_create_failed_jobs_table', 1),
(8, '2019_10_03_192253_tabla_niveles', 2),
(9, '2019_10_03_195430_tabla_alumnos', 3);

-- --------------------------------------------------------

--
-- Estructura de tabla para la tabla `niveles`
--

CREATE TABLE `niveles` (
  `id` bigint(20) UNSIGNED NOT NULL,
  `nombre` varchar(191) COLLATE utf8mb4_unicode_ci NOT NULL,
  `horario` varchar(191) COLLATE utf8mb4_unicode_ci NOT NULL,
  `finicio` varchar(191) COLLATE utf8mb4_unicode_ci NOT NULL,
  `ffin` varchar(191) COLLATE utf8mb4_unicode_ci NOT NULL,
  `costo` int(11) NOT NULL,
  `activo` int(11) NOT NULL
) ENGINE=InnoDB DEFAULT CHARSET=utf8mb4 COLLATE=utf8mb4_unicode_ci;

--
-- Volcado de datos para la tabla `niveles`
--

INSERT INTO `niveles` (`id`, `nombre`, `horario`, `finicio`, `ffin`, `costo`, `activo`) VALUES
(159, 'VERANOPRINCIPIANTE', '09 A.M. A 10 A.M.', '08/10/2020', '23/03/2021', 500, 1),
(160, 'VERANOPRINCIPIANTE', '07 p.m. a 08 p.m.', '02/02/2020', '30/06/2021', 500, 1),
(161, 'TEMPORALES', '07 a.m. a 08 a.m.', '08/07/2019', '23/08/2019', 1, 0),
(162, 'VERANOCONOCIMIENTO', '08 a.m. a 09 a.m.', '08/07/2019', '23/08/2019', 1000, 0),
(163, 'VERANOCONOCIMIENTO', '08 p.m. a 09 p.m.', '08/07/2019', '23/08/2019', 1000, 0),
(164, 'VERANONIÑOSPRINCIPIANTE', '05 p.m. a 06 p.m.', '08/07/2019', '23/08/2019', 900, 0),
(165, 'PRINCIPIANTE-NIÑOS', '04 p.m. a 05 p.m.', '02/09/2019', '26/06/2020', 500, 0),
(166, 'INTERMEDIO-NIÑOS', '05 p.m. a 06 p.m.', '02/09/2019', '26/06/2020', 500, 0),
(167, 'AVANZADO-NIÑOS', '6 p.m. a 7:30 p.m.', '02/09/2019', '26/06/2020', 500, 0),
(168, 'CONVERSACION-NIÑOS', '7:30 p.m. a 9 p.m.', '02/09/2019', '26/06/2020', 500, 0),
(169, 'PRINCIPIANTE-GRANDES', '09 a.m. a 10 a.m.', '02/09/2019', '24/01/2020', 500, 0),
(170, 'PRINCIPIANTE-GRANDES', '07 p.m. a 08 p.m.', '02/09/2019', '24/01/2020', 500, 0),
(171, 'INTERMEDIO-GRANDES', '08 a.m. a 09 a.m.', '15/02/2020', '24/06/2020', 500, 0),
(172, 'INTERMEDIO-GRANDES', '08 p.m. a 09 p.m.', '15/02/2020', '24/06/2020', 500, 0),
(173, 'AVANZADO-GRANDES', '6 p.m. a 7:30 p.m.', '02/09/2019', '24/01/2020', 500, 0),
(174, 'CONVERSACION-GRANDES', '7:30 p.m. a 9 p.m.', '02/09/2019', '24/01/2020', 500, 0),
(175, 'AVANZADO-GRANDES', '08 a.m. a 9:30 a.m.', '02/09/2019', '24/01/2020', 500, 0),
(178, 'NIVEL DE PRUEBA', '8:00 pm a 9:00 pm', '31/03/2020', '31/07/2020', 500, 0);

-- --------------------------------------------------------

--
-- Estructura de tabla para la tabla `pagos`
--

CREATE TABLE `pagos` (
  `id` int(20) UNSIGNED NOT NULL,
  `id_usuario` int(20) NOT NULL,
  `id_nivel` int(20) NOT NULL,
  `fecha_pago` date DEFAULT NULL,
  `estatus` int(2) DEFAULT NULL,
  `monto` int(11) DEFAULT NULL,
  `mes` int(10) NOT NULL,
  `tipo` int(11) NOT NULL
) ENGINE=InnoDB DEFAULT CHARSET=utf8 COLLATE=utf8_spanish2_ci;

--
-- Volcado de datos para la tabla `pagos`
--

INSERT INTO `pagos` (`id`, `id_usuario`, `id_nivel`, `fecha_pago`, `estatus`, `monto`, `mes`, `tipo`) VALUES
(2, 641, 164, '2020-01-03', 1, 500, 7, 1),
(3, 642, 161, '2020-01-03', 2, 250, 7, 1),
(4, 643, 169, '2020-01-03', 1, 500, 9, 1),
(5, 644, 161, '2020-01-03', 1, 500, 7, 1),
(6, 644, 161, '2020-01-03', 1, 500, 7, 2),
(7, 645, 169, '2020-01-03', 2, 200, 1, 1),
(8, 645, 169, '2020-01-15', 1, 500, 1, 2),
(9, 645, 169, '2020-01-16', 1, 500, 2, 2),
(15, 645, 169, '2020-01-16', 1, 500, 3, 2),
(16, 645, 169, '2020-01-16', 1, 500, 4, 2),
(17, 646, 169, '2020-01-16', 1, 500, 1, 1),
(20, 648, 168, '2020-01-17', 1, 500, 1, 1),
(21, 648, 168, '2020-01-17', 1, 500, 1, 2),
(22, 648, 168, '2020-01-17', 1, 500, 2, 2),
(23, 648, 168, '2020-01-17', 1, 500, 3, 2),
(24, 648, 168, '2020-01-17', 1, 500, 4, 2),
(25, 648, 168, '2020-01-17', 1, 500, 5, 2),
(26, 648, 168, '2020-01-17', 1, 500, 6, 2),
(27, 649, 171, '2020-01-21', 1, 500, 1, 1),
(28, 649, 171, '2020-01-21', 1, 500, 2, 2),
(29, 649, 171, '2020-01-21', 1, 500, 3, 2),
(30, 649, 171, '2020-01-21', 1, 500, 4, 2),
(31, 649, 171, '2020-01-21', 1, 500, 5, 2),
(32, 649, 171, '2020-01-21', 1, 500, 6, 2),
(345, 650, 159, '2020-09-29', 1, 500, 9, 1),
(346, 650, 159, '2020-09-29', 1, 500, 10, 2),
(347, 650, 159, '2020-09-29', 1, 500, 11, 2),
(348, 650, 159, '2020-09-29', 1, 500, 12, 2),
(349, 650, 159, '2020-09-29', 1, 500, 1, 2),
(353, 650, 159, '2020-09-30', 1, 500, 2, 2),
(354, 650, 159, '2020-09-30', 1, 500, 3, 2);

-- --------------------------------------------------------

--
-- Estructura de tabla para la tabla `pagos_estatus`
--

CREATE TABLE `pagos_estatus` (
  `id` int(11) NOT NULL,
  `id_usuario` int(11) NOT NULL,
  `id_nivel` int(11) NOT NULL,
  `estatus_c` int(11) NOT NULL
) ENGINE=InnoDB DEFAULT CHARSET=utf8 COLLATE=utf8_spanish2_ci;

--
-- Volcado de datos para la tabla `pagos_estatus`
--

INSERT INTO `pagos_estatus` (`id`, `id_usuario`, `id_nivel`, `estatus_c`) VALUES
(13, 650, 159, 0);

-- --------------------------------------------------------

--
-- Estructura de tabla para la tabla `password_resets`
--

CREATE TABLE `password_resets` (
  `email` varchar(191) COLLATE utf8mb4_unicode_ci NOT NULL,
  `token` varchar(191) COLLATE utf8mb4_unicode_ci NOT NULL,
  `created_at` timestamp NULL DEFAULT NULL
) ENGINE=InnoDB DEFAULT CHARSET=utf8mb4 COLLATE=utf8mb4_unicode_ci;

-- --------------------------------------------------------

--
-- Estructura de tabla para la tabla `users`
--

CREATE TABLE `users` (
  `id` bigint(20) UNSIGNED NOT NULL,
  `nombre_completo` varchar(100) COLLATE utf8mb4_unicode_ci DEFAULT NULL,
  `name` varchar(191) COLLATE utf8mb4_unicode_ci NOT NULL,
  `email` varchar(191) COLLATE utf8mb4_unicode_ci NOT NULL,
  `backub_contraseña` varchar(100) COLLATE utf8mb4_unicode_ci DEFAULT NULL,
  `email_verified_at` timestamp NULL DEFAULT NULL,
  `password` varchar(191) COLLATE utf8mb4_unicode_ci NOT NULL,
  `remember_token` varchar(100) COLLATE utf8mb4_unicode_ci DEFAULT NULL,
  `created_at` timestamp NULL DEFAULT NULL,
  `updated_at` timestamp NULL DEFAULT NULL
) ENGINE=InnoDB DEFAULT CHARSET=utf8mb4 COLLATE=utf8mb4_unicode_ci;

--
-- Volcado de datos para la tabla `users`
--

INSERT INTO `users` (`id`, `nombre_completo`, `name`, `email`, `backub_contraseña`, `email_verified_at`, `password`, `remember_token`, `created_at`, `updated_at`) VALUES
(1, 'PEDRO DAVID', 'DAVID', 'SPEAKANDSPELL@HOTMAIL.COM', '123456', NULL, '$2y$10$yX9rOu83bPdZGkfb22Y4yuMJNQfQgxJMiTBu39.4LS5Qbqmx3fbTe', NULL, NULL, '2020-02-08 05:27:09');

--
-- Índices para tablas volcadas
--

--
-- Indices de la tabla `alumnos`
--
ALTER TABLE `alumnos`
  ADD PRIMARY KEY (`id`);

--
-- Indices de la tabla `migrations`
--
ALTER TABLE `migrations`
  ADD PRIMARY KEY (`id`);

--
-- Indices de la tabla `niveles`
--
ALTER TABLE `niveles`
  ADD PRIMARY KEY (`id`);

--
-- Indices de la tabla `pagos`
--
ALTER TABLE `pagos`
  ADD PRIMARY KEY (`id`);

--
-- Indices de la tabla `pagos_estatus`
--
ALTER TABLE `pagos_estatus`
  ADD PRIMARY KEY (`id`);

--
-- Indices de la tabla `password_resets`
--
ALTER TABLE `password_resets`
  ADD KEY `password_resets_email_index` (`email`);

--
-- Indices de la tabla `users`
--
ALTER TABLE `users`
  ADD PRIMARY KEY (`id`),
  ADD UNIQUE KEY `users_email_unique` (`email`);

--
-- AUTO_INCREMENT de las tablas volcadas
--

--
-- AUTO_INCREMENT de la tabla `alumnos`
--
ALTER TABLE `alumnos`
  MODIFY `id` bigint(20) UNSIGNED NOT NULL AUTO_INCREMENT, AUTO_INCREMENT=651;

--
-- AUTO_INCREMENT de la tabla `migrations`
--
ALTER TABLE `migrations`
  MODIFY `id` int(10) UNSIGNED NOT NULL AUTO_INCREMENT, AUTO_INCREMENT=10;

--
-- AUTO_INCREMENT de la tabla `niveles`
--
ALTER TABLE `niveles`
  MODIFY `id` bigint(20) UNSIGNED NOT NULL AUTO_INCREMENT, AUTO_INCREMENT=179;

--
-- AUTO_INCREMENT de la tabla `pagos`
--
ALTER TABLE `pagos`
  MODIFY `id` int(20) UNSIGNED NOT NULL AUTO_INCREMENT, AUTO_INCREMENT=355;

--
-- AUTO_INCREMENT de la tabla `pagos_estatus`
--
ALTER TABLE `pagos_estatus`
  MODIFY `id` int(11) NOT NULL AUTO_INCREMENT, AUTO_INCREMENT=15;

--
-- AUTO_INCREMENT de la tabla `users`
--
ALTER TABLE `users`
  MODIFY `id` bigint(20) UNSIGNED NOT NULL AUTO_INCREMENT, AUTO_INCREMENT=2;
COMMIT;

/*!40101 SET CHARACTER_SET_CLIENT=@OLD_CHARACTER_SET_CLIENT */;
/*!40101 SET CHARACTER_SET_RESULTS=@OLD_CHARACTER_SET_RESULTS */;
/*!40101 SET COLLATION_CONNECTION=@OLD_COLLATION_CONNECTION */;
